ID;Processing_Time;Due_Date
P1;7;7
P2;3;10
P3;8;7
P4;5;8
P5;6;20
P6;9;11
P7;3;14
P8;3;11
P9;9;16
P10;1;14
P11;7;7
P12;2;9
P13;9;16
P14;8;9
P15;1;12
P16;8;9
P17;1;9
P18;1;16
P19;5;9
P20;10;10
P21;1;8
P22;2;17
P23;4;20
P24;8;6
P25;3;11
P26;10;16
P27;2;15
P28;3;17
P29;9;14
P30;7;20
P31;1;19
P32;9;14
P33;4;14
P34;5;8
P35;3;9
P36;6;10
P37;6;10
P38;1;11
P39;5;8
P40;4;9
P41;6;16
P42;1;13
P43;8;14
P44;1;7
P45;10;9
P46;4;12
P47;5;17
P48;1;7
P49;9;12
P50;4;6
P51;1;6
P52;10;7
P53;4;16
P54;8;18
P55;10;15
P56;2;8
P57;3;15
P58;5;18
P59;7;19
P60;3;11
P61;3;11
P62;8;5
P63;5;19
P64;6;7
P65;9;5
P66;1;8
P67;3;11
P68;4;12
P69;5;7
P70;6;6
P71;1;14
P72;1;10
P73;3;7
P74;8;12
P75;4;10
P76;4;19
P77;2;10
P78;8;5
P79;9;9
P80;5;20
P81;8;15
P82;2;11
P83;3;11
P84;9;18
P85;2;11
P86;9;19
P87;3;20
P88;1;19
P89;8;12
P90;4;6
P91;2;19
P92;3;5
P93;6;6
P94;9;8
P95;1;8
P96;6;6
P97;4;18
P98;3;20
P99;1;18
P100;7;11
P101;2;18
P102;9;15
P103;8;16
P104;5;14
P105;10;16
P106;6;7
P107;2;9
P108;7;17
P109;10;13
P110;6;10
P111;4;9
P112;9;6
P113;8;13
P114;10;5
P115;2;15
P116;3;15
P117;5;14
P118;1;20
P119;10;5
P120;1;19
P121;5;19
P122;9;15
P123;7;20
P124;1;18
P125;8;14
P126;5;5
P127;1;8
P128;7;13
P129;10;13
P130;10;9
P131;3;15
P132;6;13
P133;2;6
P134;10;7
P135;2;13
P136;6;9
P137;3;7
P138;2;11
P139;6;18
P140;3;17
P141;4;5
P142;6;9
P143;10;6
P144;6;7
P145;9;20
P146;7;12
P147;3;18
P148;7;9
P149;4;19
P150;4;6
P151;1;8
P152;9;15
P153;10;20
P154;5;17
P155;9;16
P156;9;15
P157;10;12
P158;7;17
P159;3;11
P160;4;6
P161;2;11
P162;5;5
P163;9;16
P164;1;18
P165;7;9
P166;5;10
P167;10;7
P168;7;13
P169;10;17
P170;8;9
P171;7;19
P172;5;15
P173;8;7
P174;4;13
P175;7;20
P176;7;7
P177;6;6
P178;8;14
P179;1;10
P180;10;8
P181;5;10
P182;5;17
P183;6;20
P184;5;9
P185;2;10
P186;7;10
P187;2;7
P188;5;11
P189;10;12
P190;1;12
P191;7;8
P192;9;6
P193;3;16
P194;6;6
P195;4;8
P196;8;13
P197;1;15
P198;8;14
P199;10;6
P200;2;18
P201;8;9
P202;7;11
P203;7;10
P204;6;8
P205;1;14
P206;9;16
P207;10;20
P208;6;16
P209;3;13
P210;10;10
P211;3;9
P212;1;19
P213;1;5
P214;7;11
P215;9;11
P216;3;15
P217;10;18
P218;8;5
P219;7;7
P220;2;19
P221;10;5
P222;3;13
P223;5;18
P224;10;5
P225;5;19
P226;4;10
P227;10;19
P228;4;10
P229;1;5
P230;7;17
P231;1;13
P232;8;13
P233;10;10
P234;8;13
P235;6;16
P236;5;12
P237;2;18
P238;2;14
P239;3;7
P240;4;14
P241;1;7
P242;6;14
P243;8;18
P244;7;14
P245;1;13
P246;8;10
P247;9;8
P248;2;7
P249;2;19
P250;10;15
P251;9;7
P252;7;5
P253;6;5
P254;2;5
P255;3;9
P256;9;11
P257;8;18
P258;5;9
P259;8;12
P260;1;6
P261;3;19
P262;6;14
P263;10;20
P264;3;10
P265;1;11
P266;6;12
P267;8;6
P268;2;15
P269;8;18
P270;2;15
P271;6;10
P272;6;20
P273;7;18
P274;2;19
P275;6;11
P276;6;6
P277;4;12
P278;1;19
P279;6;19
P280;1;18
P281;5;5
P282;4;6
P283;8;18
P284;10;8
P285;10;13
P286;4;16
P287;1;9
P288;4;6
P289;8;10
P290;4;9
P291;10;16
P292;8;15
P293;2;14
P294;5;11
P295;2;14
P296;5;18
P297;6;9
P298;9;15
P299;2;6
P300;5;20
P301;2;9
P302;7;14
P303;9;18
P304;6;14
P305;9;12
P306;7;11
P307;4;17
P308;3;19
P309;2;17
P310;3;19
P311;4;16
P312;7;10
P313;4;13
P314;10;5
P315;8;6
P316;5;18
P317;2;9
P318;6;9
P319;5;16
P320;5;20
P321;7;18
P322;9;14
P323;10;15
P324;2;16
P325;9;8
P326;3;11
P327;1;8
P328;4;15
P329;3;11
P330;4;16
P331;5;8
P332;2;12
P333;7;8
P334;5;7
P335;9;18
P336;5;12
P337;10;14
P338;9;20
P339;9;8
P340;5;10
P341;2;8
P342;4;9
P343;5;8
P344;10;12
P345;4;7
P346;8;7
P347;9;14
P348;7;11
P349;3;9
P350;10;17
P351;5;16
P352;8;15
P353;3;16
P354;7;16
P355;4;11
P356;6;19
P357;3;13
P358;9;14
P359;7;5
P360;1;8
P361;8;13
P362;6;15
P363;2;15
P364;9;7
P365;7;15
P366;10;15
P367;8;11
P368;5;19
P369;6;16
P370;1;16
P371;1;8
P372;6;15
P373;5;8
P374;2;10
P375;9;13
P376;6;19
P377;2;19
P378;6;16
P379;5;12
P380;10;11
P381;6;19
P382;9;9
P383;7;6
P384;7;12
P385;6;18
P386;3;8
P387;1;11
P388;1;12
P389;9;17
P390;7;20
P391;10;13
P392;6;5
P393;2;20
P394;1;12
P395;4;15
P396;9;11
P397;2;6
P398;2;10
P399;3;9
P400;4;14
P401;9;17
P402;9;11
P403;1;20
P404;3;7
P405;10;6
P406;3;18
P407;2;15
P408;1;7
P409;5;7
P410;9;6
P411;3;13
P412;9;6
P413;4;13
P414;2;8
P415;9;12
P416;1;9
P417;3;9
P418;10;18
P419;1;11
P420;7;15
P421;2;5
P422;1;16
P423;10;13
P424;10;15
P425;3;9
P426;4;9
P427;2;10
P428;5;20
P429;1;8
P430;2;16
P431;4;7
P432;1;20
P433;3;14
P434;3;12
P435;10;7
P436;1;9
P437;4;15
P438;4;9
P439;5;13
P440;7;9
P441;2;13
P442;2;10
P443;4;18
P444;3;18
P445;6;6
P446;8;20
P447;3;6
P448;2;20
P449;3;8
P450;10;9
P451;6;8
P452;9;13
P453;7;14
P454;6;18
P455;9;13
P456;8;19
P457;1;9
P458;2;14
P459;10;9
P460;4;6
P461;4;19
P462;4;15
P463;4;16
P464;8;17
P465;2;9
P466;8;10
P467;1;11
P468;8;16
P469;2;5
P470;8;10
P471;8;19
P472;8;12
P473;7;17
P474;6;12
P475;6;8
P476;3;11
P477;10;11
P478;9;5
P479;3;15
P480;10;13
P481;3;14
P482;10;10
P483;1;16
P484;8;5
P485;2;9
P486;6;9
P487;9;5
P488;8;9
P489;1;5
P490;3;14
P491;1;7
P492;8;19
P493;7;20
P494;4;13
P495;6;14
P496;7;20
P497;1;9
P498;3;19
P499;1;17
P500;6;7
P501;1;6
P502;8;9
P503;2;8
P504;3;10
P505;5;8
P506;3;18
P507;5;8
P508;9;7
P509;8;6
P510;2;11
P511;8;9
P512;9;18
P513;8;12
P514;5;8
P515;2;11
P516;1;12
P517;3;13
P518;8;7
P519;8;13
P520;3;7
P521;10;5
P522;4;14
P523;3;9
P524;9;12
P525;8;18
P526;4;7
P527;3;17
P528;7;6
P529;5;12
P530;9;19
P531;8;19
P532;3;9
P533;6;19
P534;3;19
P535;1;7
P536;9;9
P537;7;15
P538;7;9
P539;5;15
P540;6;14
P541;5;8
P542;2;14
P543;4;9
P544;5;11
P545;5;12
P546;6;14
P547;1;8
P548;4;19
P549;5;6
P550;10;11
P551;6;6
P552;4;19
P553;7;14
P554;10;17
P555;3;13
P556;1;7
P557;9;8
P558;5;13
P559;2;13
P560;5;16
P561;4;18
P562;3;14
P563;4;11
P564;8;5
P565;2;11
P566;7;12
P567;9;8
P568;9;5
P569;4;16
P570;5;10
P571;5;8
P572;5;14
P573;6;13
P574;4;12
P575;2;10
P576;2;7
P577;5;8
P578;7;20
P579;1;13
P580;8;16
P581;5;17
P582;5;7
P583;4;7
P584;3;19
P585;10;13
P586;3;9
P587;4;13
P588;1;5
P589;3;16
P590;5;20
P591;7;17
P592;5;9
P593;5;8
P594;8;18
P595;5;20
P596;9;17
P597;9;6
P598;7;6
P599;1;9
P600;3;9
P601;2;12
P602;7;8
P603;1;14
P604;2;11
P605;5;5
P606;2;13
P607;1;18
P608;4;8
P609;3;19
P610;4;11
P611;4;6
P612;6;18
P613;4;15
P614;8;5
P615;10;16
P616;10;18
P617;1;5
P618;2;8
P619;10;9
P620;9;16
P621;2;7
P622;3;18
P623;5;13
P624;8;9
P625;2;6
P626;9;8
P627;3;10
P628;1;10
P629;7;17
P630;3;9
P631;10;13
P632;8;5
P633;10;14
P634;6;17
P635;6;19
P636;6;5
P637;3;12
P638;2;14
P639;6;11
P640;1;14
P641;7;9
P642;1;9
P643;1;19
P644;6;15
P645;4;6
P646;7;13
P647;8;8
P648;2;16
P649;3;14
P650;4;8
P651;5;10
P652;2;9
P653;3;19
P654;7;14
P655;3;9
P656;8;12
P657;5;20
P658;8;6
P659;10;20
P660;8;5
P661;1;5
P662;1;20
P663;5;5
P664;1;9
P665;4;16
P666;6;13
P667;10;11
P668;1;9
P669;3;18
P670;6;9
P671;9;11
P672;10;11
P673;10;9
P674;3;15
P675;6;7
P676;7;7
P677;8;16
P678;8;8
P679;7;5
P680;4;9
P681;3;18
P682;7;20
P683;1;18
P684;3;16
P685;1;11
P686;1;15
P687;5;7
P688;2;12
P689;6;11
P690;7;19
P691;7;8
P692;10;12
P693;8;20
P694;10;18
P695;3;19
P696;2;16
P697;5;13
P698;10;10
P699;5;18
P700;3;9
P701;1;18
P702;8;8
P703;8;10
P704;8;17
P705;9;11
P706;1;14
P707;4;14
P708;2;10
P709;10;6
P710;2;12
P711;10;8
P712;9;11
P713;6;11
P714;1;9
P715;9;17
P716;10;7
P717;8;15
P718;10;19
P719;3;14
P720;5;13
P721;7;20
P722;9;17
P723;10;14
P724;5;12
P725;3;12
P726;9;20
P727;5;7
P728;1;17
P729;9;15
P730;3;9
P731;4;5
P732;8;19
P733;4;17
P734;2;15
P735;2;7
P736;4;7
P737;2;11
P738;2;16
P739;8;16
P740;6;13
P741;9;14
P742;3;18
P743;8;8
P744;8;15
P745;7;18
P746;10;13
P747;5;5
P748;8;7
P749;6;11
P750;10;12
P751;6;9
P752;10;19
P753;3;11
P754;2;14
P755;8;20
P756;8;7
P757;1;9
P758;5;9
P759;10;20
P760;2;10
P761;10;6
P762;1;7
P763;6;6
P764;2;6
P765;3;7
P766;9;19
P767;1;20
P768;6;19
P769;7;10
P770;8;8
P771;9;7
P772;1;10
P773;8;7
P774;10;5
P775;10;16
P776;9;20
P777;1;16
P778;3;12
P779;4;12
P780;8;12
P781;9;9
P782;3;12
P783;10;5
P784;1;20
P785;3;19
P786;5;17
P787;6;16
P788;2;6
P789;8;17
P790;9;9
P791;7;10
P792;4;13
P793;4;5
P794;5;11
P795;4;8
P796;6;17
P797;1;19
P798;9;10
P799;2;8
P800;4;11
P801;7;6
P802;7;11
P803;9;12
P804;7;20
P805;5;20
P806;6;11
P807;8;17
P808;9;17
P809;9;9
P810;2;10
P811;3;9
P812;3;15
P813;9;18
P814;8;13
P815;2;15
P816;5;20
P817;9;9
P818;8;14
P819;4;13
P820;1;5
P821;10;12
P822;7;19
P823;9;20
P824;4;13
P825;4;6
P826;1;5
P827;2;10
P828;8;17
P829;3;7
P830;7;7
P831;8;6
P832;5;8
P833;9;5
P834;10;6
P835;6;7
P836;6;7
P837;3;16
P838;1;20
P839;2;18
P840;5;8
P841;1;6
P842;5;6
P843;2;18
P844;10;8
P845;1;7
P846;6;12
P847;6;13
P848;9;19
P849;1;9
P850;3;18
P851;10;7
P852;8;14
P853;7;7
P854;4;14
P855;6;19
P856;2;8
P857;4;8
P858;7;13
P859;6;13
P860;9;11
P861;7;6
P862;10;11
P863;7;5
P864;5;12
P865;4;20
P866;7;10
P867;4;18
P868;3;18
P869;5;10
P870;4;17
P871;2;6
P872;10;17
P873;5;16
P874;9;16
P875;2;17
P876;10;6
P877;10;11
P878;6;7
P879;4;6
P880;9;7
P881;1;8
P882;9;5
P883;6;19
P884;8;7
P885;7;9
P886;4;5
P887;3;9
P888;7;8
P889;6;14
P890;3;10
P891;7;18
P892;2;17
P893;1;9
P894;9;17
P895;4;5
P896;4;16
P897;1;6
P898;8;7
P899;6;19
P900;2;11
P901;4;17
P902;5;8
P903;2;13
P904;2;12
P905;8;20
P906;10;9
P907;3;15
P908;3;19
P909;6;18
P910;8;11
P911;7;9
P912;9;6
P913;8;16
P914;1;11
P915;1;20
P916;2;13
P917;6;14
P918;7;6
P919;2;10
P920;3;18
P921;4;12
P922;7;9
P923;7;9
P924;10;13
P925;10;18
P926;7;7
P927;2;7
P928;7;14
P929;10;8
P930;9;11
P931;2;9
P932;5;13
P933;3;15
P934;6;6
P935;2;7
P936;9;12
P937;8;16
P938;2;12
P939;2;15
P940;4;20
P941;8;7
P942;2;10
P943;8;14
P944;3;12
P945;4;10
P946;1;10
P947;6;5
P948;2;20
P949;5;12
P950;7;6
P951;4;14
P952;5;12
P953;6;15
P954;6;17
P955;8;9
P956;2;5
P957;4;19
P958;4;19
P959;8;18
P960;4;7
P961;5;18
P962;2;17
P963;7;9
P964;10;20
P965;5;14
P966;1;20
P967;5;16
P968;4;17
P969;8;18
P970;5;10
P971;6;8
P972;1;9
P973;9;18
P974;9;7
P975;7;19
P976;3;17
P977;2;8
P978;4;18
P979;6;13
P980;8;6
P981;5;14
P982;2;5
P983;2;14
P984;7;5
P985;1;12
P986;4;19
P987;2;13
P988;5;17
P989;4;11
P990;8;6
P991;1;17
P992;7;7
P993;4;7
P994;3;10
P995;10;5
P996;10;5
P997;9;7
P998;10;16
P999;10;9
P1000;2;13
P1001;5;19
P1002;10;18
P1003;4;8
P1004;10;9
P1005;7;5
P1006;9;12
P1007;9;19
P1008;5;10
P1009;2;19
P1010;5;17
P1011;8;20
P1012;10;18
P1013;6;6
P1014;10;18
P1015;5;19
P1016;9;11
P1017;5;19
P1018;3;6
P1019;5;12
P1020;4;12
P1021;9;7
P1022;5;13
P1023;10;18
P1024;1;15
P1025;4;16
P1026;7;8
P1027;5;5
P1028;10;12
P1029;7;17
P1030;2;15
P1031;4;17
P1032;4;14
P1033;7;20
P1034;3;5
P1035;10;8
P1036;4;8
P1037;6;11
P1038;7;20
P1039;4;7
P1040;7;9
P1041;9;9
P1042;10;10
P1043;5;15
P1044;3;16
P1045;1;11
P1046;1;14
P1047;10;11
P1048;2;8
P1049;1;11
P1050;5;15
P1051;5;12
P1052;4;15
P1053;1;16
P1054;9;15
P1055;4;12
P1056;6;11
P1057;2;13
P1058;8;11
P1059;6;20
P1060;4;16
P1061;4;12
P1062;3;9
P1063;1;7
P1064;8;6
P1065;6;7
P1066;10;14
P1067;1;20
P1068;6;19
P1069;10;15
P1070;4;6
P1071;7;6
P1072;5;8
P1073;5;16
P1074;1;20
P1075;7;20
P1076;8;12
P1077;5;5
P1078;9;13
P1079;5;5
P1080;2;9
P1081;1;18
P1082;8;9
P1083;1;19
P1084;5;18
P1085;6;13
P1086;5;13
P1087;5;13
P1088;8;7
P1089;1;11
P1090;5;6
P1091;5;20
P1092;2;19
P1093;8;19
P1094;9;7
P1095;9;14
P1096;1;8
P1097;8;7
P1098;9;7
P1099;8;13
P1100;6;20
P1101;8;18
P1102;1;10
P1103;2;18
P1104;1;16
P1105;5;10
P1106;1;10
P1107;7;9
P1108;2;14
P1109;1;20
P1110;6;18
P1111;3;12
P1112;1;13
P1113;10;13
P1114;3;20
P1115;7;18
P1116;6;12
P1117;6;5
P1118;2;13
P1119;7;8
P1120;4;5
P1121;1;12
P1122;9;12
P1123;10;9
P1124;6;10
P1125;7;10
P1126;8;11
P1127;10;10
P1128;2;14
P1129;5;10
P1130;4;10
P1131;2;8
P1132;6;9
P1133;1;19
P1134;4;5
P1135;1;11
P1136;6;18
P1137;3;10
P1138;7;5
P1139;7;16
P1140;8;9
P1141;7;13
P1142;10;20
P1143;6;11
P1144;4;14
P1145;3;14
P1146;8;15
P1147;1;11
P1148;3;6
P1149;6;14
P1150;2;20
P1151;2;12
P1152;5;17
P1153;7;5
P1154;10;19
P1155;8;9
P1156;3;19
P1157;5;5
P1158;10;7
P1159;7;5
P1160;1;10
P1161;6;19
P1162;5;14
P1163;8;7
P1164;2;11
P1165;1;12
P1166;5;9
P1167;9;9
P1168;2;5
P1169;3;7
P1170;4;17
P1171;9;20
P1172;9;7
P1173;9;15
P1174;2;18
P1175;10;15
P1176;10;9
P1177;10;14
P1178;5;14
P1179;9;7
P1180;8;15
P1181;5;17
P1182;4;9
P1183;10;12
P1184;5;17
P1185;1;15
P1186;4;16
P1187;8;10
P1188;8;14
P1189;3;12
P1190;2;15
P1191;9;16
P1192;10;20
P1193;6;7
P1194;1;12
P1195;7;5
P1196;5;6
P1197;8;15
P1198;10;8
P1199;9;6
P1200;6;17
P1201;5;19
P1202;3;9
P1203;8;15
P1204;1;19
P1205;7;16
P1206;2;5
P1207;2;14
P1208;2;8
P1209;4;6
P1210;7;19
P1211;4;12
P1212;9;9
P1213;2;17
P1214;1;9
P1215;5;16
P1216;7;20
P1217;8;12
P1218;8;16
P1219;8;15
P1220;2;19
P1221;2;8
P1222;8;10
P1223;10;11
P1224;9;7
P1225;2;10
P1226;6;16
P1227;1;7
P1228;6;13
P1229;7;20
P1230;5;19
P1231;6;11
P1232;3;5
P1233;2;18
P1234;10;7
P1235;6;8
P1236;7;17
P1237;4;8
P1238;10;15
P1239;3;9
P1240;4;20
P1241;4;14
P1242;9;18
P1243;2;16
P1244;10;19
P1245;7;16
P1246;10;6
P1247;4;12
P1248;9;8
P1249;8;6
P1250;4;5
P1251;7;10
P1252;8;15
P1253;4;15
P1254;3;6
P1255;2;13
P1256;5;17
P1257;10;11
P1258;1;13
P1259;7;16
P1260;9;20
P1261;6;9
P1262;4;14
P1263;7;12
P1264;7;16
P1265;8;11
P1266;8;10
P1267;3;13
P1268;2;5
P1269;7;19
P1270;8;13
P1271;5;5
P1272;9;6
P1273;6;9
P1274;2;11
P1275;3;9
P1276;3;12
P1277;3;13
P1278;2;19
P1279;5;5
P1280;1;20
P1281;1;15
P1282;10;11
P1283;3;14
P1284;2;8
P1285;4;6
P1286;4;14
P1287;4;16
P1288;3;18
P1289;3;12
P1290;2;10
P1291;6;13
P1292;10;8
P1293;3;8
P1294;5;14
P1295;7;16
P1296;9;12
P1297;10;12
P1298;2;18
P1299;2;16
P1300;1;16
P1301;1;20
P1302;6;15
P1303;5;7
P1304;9;15
P1305;4;14
P1306;5;11
P1307;10;11
P1308;7;7
P1309;9;11
P1310;2;14
P1311;7;10
P1312;10;8
P1313;6;16
P1314;8;18
P1315;4;19
P1316;3;16
P1317;7;9
P1318;2;11
P1319;2;8
P1320;7;6
P1321;6;8
P1322;2;16
P1323;9;10
P1324;3;17
P1325;5;6
P1326;1;12
P1327;4;20
P1328;3;16
P1329;8;12
P1330;5;6
P1331;9;18
P1332;2;9
P1333;9;20
P1334;5;12
P1335;9;12
P1336;5;5
P1337;2;6
P1338;8;6
P1339;9;15
P1340;7;5
P1341;5;19
P1342;8;13
P1343;4;17
P1344;6;14
P1345;2;5
P1346;10;12
P1347;9;12
P1348;10;20
P1349;9;10
P1350;6;12
P1351;6;5
P1352;6;14
P1353;1;13
P1354;7;13
P1355;3;17
P1356;9;16
P1357;7;19
P1358;10;16
P1359;4;19
P1360;3;13
P1361;8;16
P1362;1;11
P1363;9;15
P1364;8;12
P1365;7;9
P1366;10;14
P1367;9;17
P1368;9;11
P1369;9;9
P1370;8;20
P1371;5;7
P1372;2;15
P1373;3;9
P1374;5;11
P1375;10;6
P1376;10;10
P1377;8;6
P1378;7;15
P1379;5;6
P1380;2;12
P1381;7;7
P1382;10;19
P1383;9;6
P1384;5;18
P1385;10;18
P1386;5;19
P1387;7;15
P1388;6;7
P1389;5;15
P1390;3;20
P1391;9;8
P1392;9;13
P1393;10;16
P1394;2;19
P1395;10;19
P1396;4;16
P1397;5;18
P1398;2;10
P1399;7;17
P1400;6;7
P1401;9;17
P1402;5;14
P1403;1;7
P1404;5;11
P1405;5;5
P1406;3;16
P1407;6;18
P1408;1;14
P1409;2;9
P1410;5;19
P1411;5;12
P1412;2;12
P1413;5;9
P1414;10;5
P1415;2;6
P1416;3;9
P1417;1;5
P1418;2;11
P1419;8;16
P1420;8;14
P1421;5;5
P1422;9;5
P1423;9;10
P1424;10;16
P1425;5;12
P1426;8;9
P1427;8;19
P1428;9;6
P1429;3;14
P1430;10;14
P1431;6;8
P1432;9;12
P1433;7;6
P1434;5;19
P1435;9;7
P1436;9;19
P1437;5;20
P1438;5;19
P1439;7;17
P1440;5;6
P1441;4;15
P1442;7;7
P1443;10;6
P1444;10;18
P1445;6;9
P1446;3;19
P1447;6;11
P1448;4;20
P1449;9;12
P1450;5;15
P1451;10;18
P1452;8;11
P1453;8;16
P1454;2;14
P1455;2;6
P1456;10;19
P1457;5;7
P1458;1;6
P1459;10;9
P1460;5;14
P1461;9;18
P1462;6;13
P1463;10;16
P1464;3;20
P1465;7;18
P1466;8;5
P1467;9;11
P1468;4;7
P1469;8;20
P1470;3;15
P1471;7;11
P1472;5;11
P1473;8;9
P1474;6;18
P1475;10;20
P1476;5;20
P1477;1;7
P1478;10;14
P1479;8;13
P1480;10;13
P1481;10;20
P1482;7;8
P1483;10;14
P1484;6;14
P1485;2;5
P1486;9;10
P1487;5;11
P1488;7;8
P1489;10;20
P1490;3;6
P1491;5;19
P1492;4;14
P1493;2;14
P1494;3;6
P1495;3;10
P1496;3;5
P1497;3;5
P1498;5;13
P1499;3;5
P1500;10;9
